INSERT INTO users VALUES ('maria.silva', 'senh@_maria', 'senh@_maria', 'MARIA', 'SILVA', 'maria.silva@gmail.com', true, 1);
INSERT INTO users VALUES ('joao.souza', 'senh@joao', 'senh@joao', 'JOAO', 'SOUZA', 'joao.souza@gmail.com', true, 1);
INSERT INTO users VALUES ('ariel.santos', 'senh@ariel', 'senh@ariel', 'ARIEL', 'SANTOS', 'ariel.santos@gmail.com', true, 1);
INSERT INTO users VALUES ('admin.admin', 'senh@_admin', 'senh@_admin', 'ADMIN', 'ADMIN', 'admin.admin@gmail.com', true, 2);

INSERT INTO types VALUES (1, 'STRAWBERRY', 60, 80);
INSERT INTO types VALUES (2, 'CACTUS', 20, 50);
INSERT INTO types VALUES (3, 'MUSHROOM', 80, 90);
INSERT INTO types VALUES (4, 'VIOLET', 40, 80);
INSERT INTO types VALUES (5, 'LAVENDER', 20, 30);

INSERT INTO plants VALUES (1, 1);
INSERT INTO plants VALUES (2, 2);
INSERT INTO plants VALUES (3, 3);
INSERT INTO plants VALUES (4, 4);
INSERT INTO plants VALUES (5, 5);
INSERT INTO plants VALUES (6, 1);
INSERT INTO plants VALUES (7, 2);
INSERT INTO plants VALUES (8, 3);
INSERT INTO plants VALUES (9, 4);
INSERT INTO plants VALUES (10, 5);
INSERT INTO plants VALUES (11, 1);
INSERT INTO plants VALUES (12, 2);
INSERT INTO plants VALUES (13, 3);
INSERT INTO plants VALUES (14, 4);
INSERT INTO plants VALUES (15, 5);

INSERT INTO sensors VALUES (1, 'Comparador LM393', 'maria.silva', 1);
INSERT INTO sensors VALUES (2, 'Comparador CJMCU', 'maria.silva', 2);
INSERT INTO sensors VALUES (3, 'Datasheet SHT20', 'maria.silva', 3);
INSERT INTO sensors VALUES (4, 'solo Grove', 'maria.silva', 4);
INSERT INTO sensors VALUES (5, 'Comparador LM7805', 'maria.silva', 5);
INSERT INTO sensors VALUES (6, 'Comparador LM393', 'joao.souza', 1);
INSERT INTO sensors VALUES (7, 'Comparador CJMCU', 'joao.souza', 2);
INSERT INTO sensors VALUES (8, 'Datasheet SHT20', 'joao.souza', 3);
INSERT INTO sensors VALUES (9, 'solo Grove', 'joao.souza', 4);
INSERT INTO sensors VALUES (10, 'Comparador LM7805', 'joao.souza', 5);
INSERT INTO sensors VALUES (11, 'Comparador LM393', 'ariel.santos', 1);
INSERT INTO sensors VALUES (12, 'Comparador CJMCU', 'ariel.santos', 2);
INSERT INTO sensors VALUES (13, 'Datasheet SHT20', 'ariel.santos', 3);
INSERT INTO sensors VALUES (14, 'solo Grove', 'ariel.santos', 4);
INSERT INTO sensors VALUES (15, 'Comparador LM7805', 'ariel.santos', 5);

INSERT INTO reads VALUES (1, 1, 70, true, '2019-07-10 07:00:00');
INSERT INTO reads VALUES (2, 2, 30, true, '2019-07-10 07:00:00');
INSERT INTO reads VALUES (3, 3, 85, true, '2019-07-10 07:00:00');
INSERT INTO reads VALUES (4, 4, 60, true, '2019-07-10 07:00:00');
INSERT INTO reads VALUES (5, 5, 25, true, '2019-07-10 07:00:00');
INSERT INTO reads VALUES (6, 6, 70, true, '2019-07-10 07:00:00');
INSERT INTO reads VALUES (7, 7, 30, true, '2019-07-10 07:00:00');
INSERT INTO reads VALUES (8, 8, 85, true, '2019-07-10 07:00:00');
INSERT INTO reads VALUES (9, 9, 60, true, '2019-07-10 07:00:00');
INSERT INTO reads VALUES (10, 10, 25, true, '2019-07-10 07:00:00');
INSERT INTO reads VALUES (11, 11, 70, true, '2019-07-10 07:00:00');
INSERT INTO reads VALUES (12, 12, 30, true, '2019-07-10 07:00:00');
INSERT INTO reads VALUES (13, 13, 85, true, '2019-07-10 07:00:00');
INSERT INTO reads VALUES (14, 14, 60, true, '2019-07-10 07:00:00');
INSERT INTO reads VALUES (15, 15, 25, true, '2019-07-10 07:00:00');

INSERT INTO reads VALUES (16, 1, 50, false, '2019-07-10 07:00:00');
INSERT INTO reads VALUES (17, 2, 10, false, '2019-07-10 07:00:00');
INSERT INTO reads VALUES (18, 3, 70, false, '2019-07-10 07:00:00');
INSERT INTO reads VALUES (19, 4, 30, false, '2019-07-10 07:00:00');
INSERT INTO reads VALUES (20, 5, 10, false, '2019-07-10 07:00:00');
INSERT INTO reads VALUES (21, 6, 50, false, '2019-07-10 07:00:00');
INSERT INTO reads VALUES (22, 7, 10, false, '2019-07-10 07:00:00');
INSERT INTO reads VALUES (23, 8, 70, false, '2019-07-10 07:00:00');
INSERT INTO reads VALUES (24, 9, 30, false, '2019-07-10 07:00:00');
INSERT INTO reads VALUES (25, 10, 10, false, '2019-07-10 07:00:00');
INSERT INTO reads VALUES (26, 11, 50, false, '2019-07-10 07:00:00');
INSERT INTO reads VALUES (27, 12, 10, false, '2019-07-10 07:00:00');
INSERT INTO reads VALUES (28, 13, 70, false, '2019-07-10 07:00:00');
INSERT INTO reads VALUES (29, 14, 30, false, '2019-07-10 07:00:00');
INSERT INTO reads VALUES (30, 15, 10, false, '2019-07-10 07:00:00');

INSERT INTO roles VALUES (1, 'USER_BASIC');
INSERT INTO roles VALUES (2, 'USER_ADMIN');